{"cameraMode":{"drawMode":0,"name":"Shaded","section":"Shading Mode"},"sceneLighting":true,"audioPlay":false,"sceneViewState":{"showFog":true,"showMaterialUpdate":false,"showSkybox":true,"showFlares":true,"showImageEffects":true,"showParticleSystems":true},"in2DMode":false,"pivot":{"x":447.3619079589844,"y":188.53302001953126,"z":-345.2120666503906},"rotation":{"x":0.005643039476126432,"y":0.15711763501167298,"z":0.00075514055788517,"w":-0.9877170324325562},"size":10.449999809265137,"orthographic":false}